{"stats":{"minecraft:used":{"minecraft:beetroot":18,"minecraft:tuff_bricks":5,"minecraft:decorated_pot":1,"minecraft:shield":64,"minecraft:iron_sword":243,"minecraft:cooked_chicken":1,"minecraft:rotten_flesh":12,"minecraft:trial_key":3,"minecraft:iron_chestplate":1,"minecraft:torch":34,"minecraft:dirt":49,"minecraft:mutton":8,"minecraft:carrot":10,"minecraft:snowball":2,"minecraft:waxed_oxidized_copper_grate":2,"minecraft:iron_axe":19,"minecraft:oak_stairs":2,"minecraft:item_frame":1,"minecraft:golden_carrot":1,"minecraft:bow":19,"minecraft:egg":1,"minecraft:baked_potato":5,"minecraft:oak_planks":1,"minecraft:waxed_copper_block":3,"minecraft:golden_apple":2,"minecraft:mossy_cobblestone":1,"minecraft:crafting_table":1,"minecraft:red_bed":4,"minecraft:white_bed":4,"minecraft:lingering_potion":3,"minecraft:cake":1,"minecraft:polished_tuff":10,"minecraft:apple":2,"minecraft:wind_charge":3,"minecraft:bread":24,"minecraft:string":1,"minecraft:iron_pickaxe":241,"minecraft:gravel":10,"minecraft:chiseled_tuff_bricks":4,"minecraft:cobblestone":3,"minecraft:yellow_bed":1,"minecraft:pumpkin_pie":19},"minecraft:crafted":{"minecraft:oak_planks":24,"minecraft:suspicious_stew":1,"minecraft:iron_boots":1,"minecraft:crafting_table":1,"minecraft:iron_helmet":1,"minecraft:iron_sword":2,"minecraft:bucket":1,"minecraft:shield":2,"minecraft:stick":20,"minecraft:iron_ingot":21,"minecraft:iron_pickaxe":2,"minecraft:iron_leggings":1,"minecraft:torch":48},"minecraft:killed":{"minecraft:cave_spider":2,"minecraft:spider":3,"minecraft:skeleton":8,"minecraft:silverfish":1,"minecraft:drowned":3,"minecraft:piglin":1,"minecraft:husk":4,"minecraft:pig":1,"minecraft:iron_golem":1,"minecraft:sheep":5,"minecraft:pillager":1,"minecraft:zombie":9,"minecraft:stray":5,"minecraft:breeze":1},"minecraft:custom":{"minecraft:mob_kills":50,"minecraft:interact_with_anvil":1,"minecraft:interact_with_crafting_table":11,"minecraft:open_barrel":4,"minecraft:bell_ring":1,"minecraft:eat_cake_slice":10,"minecraft:leave_game":2,"minecraft:time_since_death":6093,"minecraft:climb_one_cm":71793,"minecraft:sprint_one_cm":368092,"minecraft:walk_one_cm":1026873,"minecraft:damage_blocked_by_shield":3495,"minecraft:drop":70,"minecraft:play_time":308512,"minecraft:deaths":99,"minecraft:sneak_time":4923,"minecraft:walk_under_water_one_cm":172302,"minecraft:jump":3638,"minecraft:walk_on_water_one_cm":17351,"minecraft:total_world_time":308512,"minecraft:interact_with_furnace":6,"minecraft:sleep_in_bed":14,"minecraft:time_since_rest":6131,"minecraft:waystone_activated":3,"minecraft:damage_taken":31352,"minecraft:damage_absorbed":60,"minecraft:damage_dealt":16105,"minecraft:swim_one_cm":58795,"minecraft:fly_one_cm":273093,"minecraft:open_chest":50,"minecraft:crouch_one_cm":3802,"minecraft:interact_with_smoker":2,"minecraft:fall_one_cm":115905,"minecraft:inspect_dispenser":6,"minecraft:horse_one_cm":1618993},"minecraft:killed_by":{"minecraft:endermite":1,"minecraft:husk":25,"minecraft:player":4,"minecraft:stray":42,"minecraft:creeper":2,"minecraft:iron_golem":3,"adventurez:orc":1,"minecraft:cave_spider":4,"minecraft:skeleton":9,"minecraft:zombie":5,"minecraft:breeze":1},"minecraft:mined":{"minecraft:white_bed":4,"minecraft:mossy_cobblestone":1,"minecraft:grass_block":57,"minecraft:decorated_pot":4,"minecraft:chiseled_tuff_bricks":7,"minecraft:oxeye_daisy":1,"minecraft:tuff_bricks":24,"minecraft:spawner":1,"minecraft:iron_ore":8,"minecraft:cobbled_deepslate":2,"minecraft:fire":1,"minecraft:polished_tuff":11,"minecraft:deepslate_lapis_ore":2,"minecraft:chiseled_tuff":5,"minecraft:polished_deepslate":7,"minecraft:bookshelf":2,"minecraft:deepslate_iron_ore":6,"minecraft:dirt_path":2,"minecraft:oak_stairs":1,"minecraft:blue_orchid":1,"minecraft:stone":79,"minecraft:orange_bed":1,"minecraft:brown_mushroom":1,"minecraft:red_bed":5,"minecraft:powder_snow":15,"minecraft:torch":4,"minecraft:short_grass":78,"minecraft:campfire":1,"minecraft:tall_grass":36,"minecraft:cobblestone":2,"minecraft:lapis_ore":1,"minecraft:oak_planks":10,"minecraft:wall_torch":2,"minecraft:coarse_dirt":5,"minecraft:waxed_oxidized_copper_grate":2,"minecraft:birch_log":2,"minecraft:waxed_copper_block":12,"minecraft:yellow_bed":1,"minecraft:oak_log":6,"minecraft:coal_ore":15,"minecraft:gravel":8,"minecraft:sand":2,"minecraft:dirt":17,"minecraft:terracotta":5,"minecraft:stone_bricks":1,"minecraft:deepslate":36},"minecraft:broken":{"minecraft:shield":1},"minecraft:dropped":{"minecraft:iron_ingot":5,"minecraft:bread":1,"minecraft:iron_sword":7,"minecraft:brown_mushroom":1,"minecraft:wheat_seeds":6,"minecraft:lapis_lazuli":2,"minecraft:decorated_pot":2,"minecraft:cobblestone":4,"minecraft:leather":1,"minecraft:polished_tuff":2,"minecraft:saddle":1,"minecraft:copper_ingot":1,"minecraft:coal":7,"minecraft:red_mushroom":3,"minecraft:oxeye_daisy":1,"minecraft:dirt":3,"minecraft:torch":1,"minecraft:potion":2,"minecraft:iron_axe":2,"minecraft:iron_pickaxe":2,"minecraft:string":12,"minecraft:bone":50,"minecraft:polished_deepslate":1,"minecraft:gravel":10,"minecraft:coarse_dirt":6,"minecraft:bowl":1,"minecraft:raw_iron":1,"minecraft:suspicious_stew":1,"minecraft:tipped_arrow":1,"minecraft:trial_key":3,"minecraft:spruce_planks":7,"minecraft:acacia_sapling":1,"minecraft:azalea":3,"minecraft:chiseled_tuff":2,"minecraft:bow":3,"minecraft:black_wool":1,"minecraft:terracotta":11},"minecraft:picked_up":{"minecraft:coarse_dirt":8,"minecraft:charcoal":2,"minecraft:iron_chestplate":1,"minecraft:brown_mushroom":2,"minecraft:oak_stairs":2,"minecraft:potion":4,"minecraft:enchanted_book":1,"minecraft:brick":1,"minecraft:wind_charge":3,"minecraft:polished_deepslate":5,"minecraft:string":14,"minecraft:red_bed":4,"minecraft:iron_axe":4,"minecraft:item_frame":1,"minecraft:blue_orchid":1,"minecraft:beetroot":18,"minecraft:cobbled_deepslate":35,"minecraft:spruce_planks":9,"minecraft:trial_key":14,"minecraft:chiseled_tuff":5,"minecraft:azalea":5,"minecraft:poppy":1,"minecraft:iron_pickaxe":1,"minecraft:light_gray_wool":1,"minecraft:egg":1,"minecraft:tipped_arrow":9,"minecraft:stick":2,"minecraft:raw_iron":14,"minecraft:copper_ingot":10,"minecraft:torch":9,"minecraft:bowl":2,"minecraft:porkchop":2,"minecraft:cake":2,"minecraft:music_disc_creator_music_box":1,"minecraft:orange_bed":1,"minecraft:rotten_flesh":17,"minecraft:honey_bottle":1,"minecraft:arrow":74,"minecraft:decorated_pot":5,"minecraft:pumpkin_pie":19,"minecraft:tuff_bricks":24,"minecraft:mutton":8,"minecraft:cobblestone":104,"minecraft:white_wool":3,"minecraft:oxeye_daisy":1,"minecraft:birch_log":2,"minecraft:golden_carrot":1,"minecraft:leather":1,"minecraft:red_mushroom":3,"minecraft:oak_log":6,"minecraft:waxed_copper_block":10,"minecraft:yellow_bed":1,"minecraft:lapis_lazuli":22,"minecraft:dirt":78,"minecraft:name_tag":2,"minecraft:bone":64,"minecraft:stone_bricks":1,"minecraft:bow":3,"minecraft:wheat_seeds":17,"minecraft:cooked_chicken":1,"minecraft:iron_ingot":11,"minecraft:bolt_armor_trim_smithing_template":1,"minecraft:acacia_sapling":2,"minecraft:iron_sword":7,"minecraft:oak_planks":11,"minecraft:book":6,"minecraft:gravel":20,"minecraft:sand":2,"minecraft:spruce_sapling":7,"minecraft:white_bed":4,"minecraft:polished_tuff":12,"minecraft:spider_eye":1,"minecraft:mossy_cobblestone":2,"minecraft:waxed_oxidized_copper_grate":2,"minecraft:breeze_rod":10,"minecraft:golden_apple":1,"minecraft:emerald":4,"minecraft:bread":9,"minecraft:terracotta":11,"minecraft:baked_potato":5,"minecraft:black_wool":1,"minecraft:coal":15,"minecraft:chiseled_tuff_bricks":6}},"DataVersion":3953}