{"stats":{"minecraft:broken":{"minecraft:iron_shovel":1,"minecraft:stone_pickaxe":1,"minecraft:iron_axe":1,"minecraft:iron_sword":2},"minecraft:killed_by":{"minecraft:husk":2,"minecraft:creeper":1,"minecraft:spider":3,"minecraft:skeleton":12,"minecraft:zombie":1},"minecraft:used":{"minecraft:beetroot":14,"minecraft:iron_shovel":451,"minecraft:spruce_planks":5,"minecraft:iron_sword":689,"minecraft:rotten_flesh":2,"minecraft:trial_key":1,"minecraft:oak_door":1,"minecraft:torch":14,"minecraft:dirt":83,"minecraft:mutton":1,"minecraft:carrot":2,"minecraft:iron_axe":413,"minecraft:oak_stairs":35,"minecraft:polished_andesite_stairs":1,"minecraft:barrel":35,"minecraft:bamboo":21,"minecraft:golden_carrot":1,"minecraft:hay_block":10,"minecraft:calcite":5,"minecraft:diorite":3,"minecraft:birch_planks":93,"minecraft:stone_pickaxe":192,"minecraft:oak_planks":29,"minecraft:wooden_pickaxe":11,"minecraft:crafting_table":4,"minecraft:red_bed":1,"minecraft:mushroom_stew":5,"minecraft:blast_furnace":1,"minecraft:cake":3,"minecraft:oak_log":243,"minecraft:apple":1,"minecraft:bread":31,"minecraft:cobblestone":41,"minecraft:potion":1,"minecraft:cooked_porkchop":3,"minecraft:birch_log":8,"minecraft:pumpkin_pie":4,"minecraft:yellow_bed":1},"minecraft:killed":{"minecraft:spider":5,"minecraft:skeleton":27,"minecraft:chicken":1,"minecraft:husk":34,"minecraft:sheep":1,"minecraft:zombie":7,"minecraft:player":2},"minecraft:mined":{"minecraft:dark_oak_log":2,"minecraft:cave_vines_plant":1,"minecraft:stone_brick_wall":6,"minecraft:allium":2,"minecraft:grass_block":226,"minecraft:decorated_pot":2,"minecraft:coal_block":8,"minecraft:spruce_leaves":3,"minecraft:spawner":1,"minecraft:hay_block":49,"minecraft:black_stained_glass_pane":2,"minecraft:iron_ore":22,"minecraft:barrel":3,"minecraft:fire":2,"minecraft:andesite":7,"minecraft:stripped_spruce_log":1,"minecraft:dirt_path":17,"minecraft:vine":1,"minecraft:oak_stairs":22,"minecraft:bamboo":11,"minecraft:stone":42,"minecraft:stripped_mangrove_wood":4,"minecraft:red_bed":1,"minecraft:medium_amethyst_bud":1,"minecraft:amethyst_cluster":1,"minecraft:stone_brick_slab":2,"minecraft:dandelion":3,"minecraft:powder_snow":5,"minecraft:torch":1,"minecraft:short_grass":63,"minecraft:blast_furnace":1,"minecraft:calcite":15,"minecraft:poppy":1,"minecraft:polished_andesite_stairs":2,"minecraft:rose_bush":12,"minecraft:cobblestone":6,"minecraft:tall_grass":5,"minecraft:oak_planks":29,"minecraft:diorite":3,"minecraft:birch_planks":2,"minecraft:coarse_dirt":1,"minecraft:birch_log":50,"minecraft:spruce_log":6,"minecraft:birch_leaves":5,"minecraft:stone_brick_stairs":2,"minecraft:yellow_bed":1,"minecraft:coal_ore":38,"minecraft:oak_log":257,"minecraft:cyan_carpet":1,"minecraft:dirt":37,"minecraft:cobweb":4,"minecraft:stone_bricks":4,"minecraft:netherrack":1,"minecraft:oak_leaves":47,"minecraft:fern":2,"minecraft:suspicious_gravel":3},"minecraft:custom":{"minecraft:mob_kills":76,"minecraft:interact_with_crafting_table":37,"minecraft:open_barrel":46,"minecraft:eat_cake_slice":21,"minecraft:leave_game":6,"minecraft:time_since_death":804,"minecraft:climb_one_cm":3428,"minecraft:sprint_one_cm":904565,"minecraft:walk_one_cm":425807,"minecraft:drop":29,"minecraft:play_time":192706,"minecraft:deaths":19,"minecraft:sneak_time":4981,"minecraft:walk_under_water_one_cm":40491,"minecraft:jump":3516,"minecraft:interact_with_blast_furnace":19,"minecraft:walk_on_water_one_cm":7305,"minecraft:total_world_time":192706,"minecraft:sleep_in_bed":10,"minecraft:time_since_rest":836,"minecraft:waystone_activated":3,"minecraft:damage_taken":6990,"minecraft:damage_absorbed":54,"minecraft:damage_dealt":22775,"minecraft:swim_one_cm":76198,"minecraft:fly_one_cm":771366,"minecraft:player_kills":3,"minecraft:open_chest":4,"minecraft:crouch_one_cm":10431,"minecraft:fall_one_cm":84954},"minecraft:crafted":{"minecraft:oak_door":3,"minecraft:oak_planks":384,"minecraft:barrel":34,"minecraft:birch_slab":42,"minecraft:iron_axe":1,"minecraft:stone_pickaxe":2,"minecraft:dark_oak_planks":8,"minecraft:wheat":201,"minecraft:oak_slab":36,"minecraft:crafting_table":4,"minecraft:spruce_planks":20,"minecraft:wooden_pickaxe":1,"minecraft:iron_sword":3,"minecraft:bucket":1,"minecraft:birch_planks":168,"minecraft:bread":67,"minecraft:air":0,"minecraft:stick":28,"minecraft:iron_ingot":22,"minecraft:oak_stairs":104,"minecraft:iron_shovel":2,"minecraft:torch":20},"minecraft:picked_up":{"minecraft:crafting_table":1,"minecraft:coarse_dirt":1,"minecraft:allium":2,"minecraft:wheat":6,"minecraft:chicken":1,"minecraft:wooden_pickaxe":2,"minecraft:oak_stairs":21,"minecraft:stone_brick_wall":6,"minecraft:stone_brick_stairs":2,"minecraft:brick":8,"minecraft:string":4,"minecraft:red_bed":1,"minecraft:iron_axe":2,"minecraft:experience_bottle":5,"bosses_of_mass_destruction:soul_star":1,"minecraft:trial_key":1,"minecraft:rose_bush":10,"minecraft:calcite":15,"minecraft:poppy":4,"minecraft:coal_block":8,"minecraft:birch_sapling":3,"minecraft:iron_boots":1,"minecraft:raw_iron":22,"minecraft:stick":18,"minecraft:stripped_mangrove_wood":4,"minecraft:torch":1,"minecraft:bowl":2,"minecraft:cake":1,"minecraft:diorite":3,"minecraft:arrow":36,"minecraft:rotten_flesh":47,"minecraft:hay_block":49,"minecraft:mutton":1,"minecraft:cobblestone":51,"minecraft:white_wool":1,"minecraft:birch_log":50,"minecraft:feather":1,"minecraft:golden_carrot":1,"minecraft:andesite":7,"minecraft:birch_planks":2,"minecraft:oak_log":342,"minecraft:yellow_bed":1,"minecraft:dirt":274,"minecraft:name_tag":2,"minecraft:bone":23,"minecraft:apple":2,"minecraft:stone_bricks":4,"minecraft:wheat_seeds":11,"minecraft:iron_ingot":6,"minecraft:bamboo":92,"minecraft:oak_planks":29,"minecraft:iron_sword":1,"minecraft:polished_andesite_stairs":3,"minecraft:cooked_porkchop":3,"minecraft:stone_brick_slab":2,"minecraft:dandelion":4,"waystones:mossy_waystone":1,"minecraft:amethyst_shard":2,"minecraft:blast_furnace":1,"minecraft:spruce_log":5,"minecraft:barrel":3,"minecraft:dark_oak_log":2,"minecraft:spider_eye":1,"waystones:waystone":2,"minecraft:golden_apple":1,"minecraft:bread":12,"minecraft:emerald":7,"minecraft:oak_sapling":42,"minecraft:coal":41},"minecraft:dropped":{"minecraft:wheat_seeds":1,"minecraft:stripped_mangrove_wood":4,"minecraft:glass_bottle":1,"minecraft:crafting_table":1,"minecraft:cobblestone":4,"minecraft:dirt":4,"minecraft:ink_sac":2,"minecraft:polished_andesite_stairs":2,"minecraft:iron_axe":1,"minecraft:paper":6,"minecraft:string":4,"minecraft:white_wool":1,"minecraft:bone":23,"minecraft:coarse_dirt":1,"minecraft:bowl":7,"minecraft:rotten_flesh":40,"minecraft:arrow":6,"minecraft:wooden_pickaxe":2,"minecraft:calcite":10}},"DataVersion":3953}