{"stats":{"minecraft:picked_up":{"minecraft:wheat_seeds":1,"minecraft:porkchop":1},"minecraft:custom":{"minecraft:jump":228,"minecraft:time_since_rest":1257,"minecraft:deaths":1,"minecraft:damage_dealt":101,"minecraft:crouch_one_cm":15,"minecraft:leave_game":2,"minecraft:play_time":6646,"minecraft:sprint_one_cm":15902,"minecraft:damage_taken":250,"minecraft:time_since_death":1214,"minecraft:walk_one_cm":6922,"minecraft:sneak_time":21,"minecraft:total_world_time":6646,"minecraft:mob_kills":1,"minecraft:fall_one_cm":8922,"minecraft:fly_one_cm":36194},"minecraft:killed":{"minecraft:pig":1},"minecraft:mined":{"minecraft:short_grass":5,"minecraft:tall_grass":5}},"DataVersion":3953}