{"stats":{"minecraft:killed":{"minecraft:cave_spider":4,"minecraft:spider":14,"minecraft:skeleton":13,"minecraft:silverfish":1,"minecraft:drowned":2,"adventurez:orc":1,"minecraft:piglin":5,"minecraft:husk":39,"minecraft:pig":1,"minecraft:sheep":4,"minecraft:zombie":29,"minecraft:stray":35,"minecraft:breeze":5,"minecraft:player":2,"minecraft:cow":2},"minecraft:picked_up":{"minecraft:coarse_dirt":6,"minecraft:wheat":2,"minecraft:suspicious_stew":1,"minecraft:oak_stairs":1,"minecraft:potion":3,"minecraft:brick":3,"minecraft:polished_deepslate":3,"minecraft:string":20,"minecraft:red_bed":22,"minecraft:moss_carpet":1,"minecraft:cooked_salmon":1,"minecraft:iron_axe":1,"minecraft:beetroot_soup":1,"minecraft:experience_bottle":7,"minecraft:cyan_carpet":1,"minecraft:beetroot":5,"minecraft:cobbled_deepslate":1,"bosses_of_mass_destruction:soul_star":2,"minecraft:spruce_planks":7,"minecraft:trial_key":16,"minecraft:rose_bush":1,"minecraft:chiseled_tuff":4,"minecraft:calcite":12,"minecraft:poppy":1,"minecraft:enchanted_golden_apple":1,"minecraft:melon_slice":1,"minecraft:coal_block":1,"minecraft:birch_sapling":2,"minecraft:tipped_arrow":22,"minecraft:golden_helmet":2,"minecraft:raw_iron":43,"minecraft:stick":58,"minecraft:stripped_mangrove_wood":1,"minecraft:copper_ingot":21,"minecraft:torch":16,"minecraft:bowl":1,"minecraft:fire_charge":1,"minecraft:porkchop":1,"minecraft:cake":1,"minecraft:waxed_copper_grate":1,"minecraft:carrot":2,"minecraft:music_disc_creator_music_box":1,"minecraft:arrow":94,"minecraft:rotten_flesh":79,"minecraft:decorated_pot":12,"minecraft:pumpkin_pie":10,"minecraft:hay_block":66,"minecraft:saddle":2,"minecraft:tuff_bricks":16,"minecraft:waxed_cut_copper":4,"adventurez:orc_skin":2,"minecraft:white_wool":3,"minecraft:cobblestone":285,"minecraft:stripped_oak_log":1,"minecraft:pink_petals":3,"minecraft:cooked_beef":3,"minecraft:golden_carrot":11,"minecraft:andesite":58,"minecraft:leather":4,"minecraft:red_mushroom":3,"minecraft:potato":1,"minecraft:flint":5,"minecraft:oak_log":365,"minecraft:waxed_copper_block":7,"minecraft:golden_boots":2,"minecraft:dirt":96,"minecraft:cooked_mutton":7,"minecraft:bone":96,"minecraft:apple":8,"minecraft:stone_bricks":5,"minecraft:bow":6,"minecraft:wheat_seeds":14,"minecraft:orange_tulip":2,"minecraft:iron_ingot":9,"minecraft:cooked_chicken":7,"minecraft:bolt_armor_trim_smithing_template":2,"minecraft:mossy_stone_bricks":1,"minecraft:oak_planks":56,"minecraft:iron_sword":3,"minecraft:acacia_sapling":2,"minecraft:cooked_porkchop":8,"minecraft:sweet_berries":1,"minecraft:gravel":37,"minecraft:spruce_sapling":7,"minecraft:white_bed":4,"minecraft:spruce_log":17,"minecraft:cyan_bed":5,"minecraft:spider_eye":2,"minecraft:polished_tuff":2,"minecraft:diamond":1,"waystones:waystone":1,"minecraft:diamond_axe":1,"minecraft:breeze_rod":14,"minecraft:golden_apple":1,"minecraft:emerald":10,"minecraft:bread":11,"minecraft:terracotta":10,"minecraft:baked_potato":2,"minecraft:oak_sapling":76,"minecraft:black_wool":2,"minecraft:coal":109,"minecraft:chiseled_tuff_bricks":9},"minecraft:custom":{"minecraft:mob_kills":161,"minecraft:interact_with_crafting_table":30,"minecraft:open_barrel":70,"minecraft:bell_ring":2,"minecraft:eat_cake_slice":15,"minecraft:leave_game":18,"minecraft:time_since_death":84271,"minecraft:damage_resisted":114,"minecraft:climb_one_cm":56195,"minecraft:sprint_one_cm":2009581,"minecraft:walk_one_cm":1293042,"minecraft:damage_blocked_by_shield":5642,"minecraft:drop":126,"minecraft:talked_to_villager":5,"minecraft:play_time":567739,"minecraft:sneak_time":8285,"minecraft:deaths":77,"minecraft:walk_under_water_one_cm":110750,"minecraft:interact_with_brewingstand":1,"minecraft:jump":13578,"minecraft:interact_with_blast_furnace":17,"minecraft:walk_on_water_one_cm":24454,"minecraft:total_world_time":567739,"minecraft:interact_with_furnace":12,"minecraft:sleep_in_bed":35,"minecraft:time_since_rest":7026,"minecraft:waystone_activated":12,"minecraft:damage_absorbed":160,"minecraft:damage_taken":31200,"minecraft:damage_dealt":50555,"minecraft:player_kills":4,"minecraft:swim_one_cm":226224,"minecraft:fly_one_cm":3157914,"minecraft:open_chest":79,"minecraft:crouch_one_cm":20288,"minecraft:interact_with_smoker":2,"minecraft:fall_one_cm":388120,"minecraft:inspect_dispenser":6,"minecraft:horse_one_cm":629999},"minecraft:broken":{"minecraft:leather_helmet":1,"minecraft:golden_hoe":1,"minecraft:golden_helmet":1,"minecraft:golden_boots":2,"minecraft:stone_sword":1,"minecraft:leather_chestplate":1,"minecraft:stone_pickaxe":3,"minecraft:shield":2,"minecraft:chainmail_chestplate":1,"minecraft:stone_axe":1,"minecraft:iron_sword":3,"minecraft:iron_helmet":1},"minecraft:used":{"minecraft:tuff_bricks":3,"minecraft:beetroot":6,"minecraft:moss_carpet":1,"minecraft:rose_bush":1,"minecraft:stone_sword":196,"minecraft:flint_and_steel":9,"minecraft:polished_deepslate":1,"minecraft:decorated_pot":12,"minecraft:spruce_planks":1,"minecraft:shield":100,"minecraft:iron_sword":824,"minecraft:cooked_salmon":1,"minecraft:cooked_chicken":7,"minecraft:rotten_flesh":51,"minecraft:trial_key":4,"minecraft:torch":61,"minecraft:dirt":63,"minecraft:chainmail_chestplate":1,"minecraft:carrot":31,"minecraft:waxed_copper_grate":1,"minecraft:snowball":3,"minecraft:music_disc_creator_music_box":1,"minecraft:golden_carrot":26,"minecraft:bow":110,"minecraft:hay_block":1,"minecraft:sweet_berries":1,"minecraft:furnace":1,"minecraft:enchanted_golden_apple":1,"minecraft:cooked_beef":3,"minecraft:beetroot_soup":1,"minecraft:arrow":4,"minecraft:calcite":12,"minecraft:golden_boots":1,"minecraft:cooked_mutton":4,"minecraft:baked_potato":1,"minecraft:oak_planks":53,"minecraft:stone_pickaxe":441,"minecraft:orange_tulip":2,"minecraft:ender_pearl":3,"minecraft:wooden_pickaxe":4,"minecraft:emerald":1,"minecraft:diamond_axe":433,"minecraft:waxed_copper_block":2,"minecraft:golden_apple":1,"minecraft:golden_hoe":30,"minecraft:terracotta":4,"minecraft:crafting_table":6,"minecraft:red_bed":22,"minecraft:mushroom_stew":3,"minecraft:white_bed":4,"minecraft:flint":1,"minecraft:lingering_potion":1,"minecraft:spruce_log":8,"bosses_of_mass_destruction:soul_star":1,"minecraft:cake":1,"minecraft:polished_tuff":1,"minecraft:oak_log":62,"waystones:waystone":1,"minecraft:apple":30,"minecraft:iron_pickaxe":141,"minecraft:wind_charge":32,"minecraft:melon_slice":1,"minecraft:bread":107,"minecraft:cyan_bed":5,"minecraft:suspicious_stew":1,"minecraft:stone_axe":76,"minecraft:pink_petals":3,"minecraft:chiseled_tuff_bricks":2,"minecraft:fire_charge":6,"minecraft:potion":1,"minecraft:cobblestone":218,"minecraft:porkchop":1,"minecraft:cooked_porkchop":8,"minecraft:pumpkin_pie":9,"minecraft:coarse_dirt":6,"minecraft:experience_bottle":7},"minecraft:crafted":{"minecraft:oak_planks":76,"minecraft:coal":9,"minecraft:wind_charge":32,"minecraft:furnace":1,"minecraft:iron_boots":1,"minecraft:stone_pickaxe":4,"minecraft:wheat":313,"minecraft:crafting_table":6,"minecraft:spruce_planks":36,"minecraft:wooden_pickaxe":1,"minecraft:iron_helmet":1,"minecraft:iron_sword":2,"minecraft:mangrove_planks":4,"minecraft:stone_axe":1,"minecraft:bread":106,"minecraft:air":0,"minecraft:shield":2,"minecraft:stick":17,"minecraft:iron_ingot":21,"minecraft:iron_pickaxe":2,"minecraft:stone_sword":2,"minecraft:iron_leggings":1,"minecraft:white_bed":1,"minecraft:torch":52},"minecraft:killed_by":{"minecraft:husk":20,"minecraft:player":3,"minecraft:stray":26,"minecraft:creeper":2,"minecraft:spider":1,"adventurez:orc":1,"minecraft:cave_spider":5,"minecraft:skeleton":14,"minecraft:zombie":2},"minecraft:dropped":{"minecraft:bread":19,"minecraft:iron_sword":2,"minecraft:wheat_seeds":12,"minecraft:golden_helmet":1,"minecraft:oak_log":90,"minecraft:baked_potato":1,"minecraft:glass_bottle":1,"minecraft:cobblestone":29,"minecraft:polished_tuff":1,"minecraft:copper_ingot":12,"minecraft:red_mushroom":3,"minecraft:stick":4,"minecraft:flint":1,"minecraft:golden_carrot":2,"minecraft:fire_charge":1,"minecraft:potion":2,"minecraft:pumpkin_pie":10,"minecraft:iron_axe":1,"minecraft:string":16,"minecraft:spruce_sapling":7,"minecraft:polished_deepslate":2,"minecraft:bone":32,"minecraft:chiseled_tuff_bricks":7,"minecraft:stone_sword":1,"minecraft:cobbled_deepslate":1,"minecraft:bowl":5,"minecraft:birch_sapling":1,"minecraft:beetroot":18,"minecraft:rotten_flesh":7,"minecraft:oak_planks":3,"minecraft:waxed_copper_block":5,"minecraft:poppy":1,"minecraft:hay_block":23,"minecraft:tipped_arrow":2,"minecraft:trial_key":12,"minecraft:waxed_cut_copper":4,"adventurez:orc_skin":2,"minecraft:spruce_planks":9,"minecraft:mossy_stone_bricks":1,"minecraft:cake":1,"minecraft:acacia_sapling":2,"minecraft:breeze_rod":6,"minecraft:spider_eye":1,"minecraft:stone_bricks":4,"minecraft:chiseled_tuff":4,"minecraft:arrow":10,"minecraft:bow":4,"minecraft:wooden_pickaxe":1,"minecraft:black_wool":1,"minecraft:terracotta":6},"minecraft:mined":{"minecraft:white_bed":4,"minecraft:mossy_cobblestone":1,"minecraft:grass_block":48,"minecraft:decorated_pot":22,"minecraft:coal_block":1,"minecraft:spruce_leaves":9,"minecraft:chiseled_tuff_bricks":6,"minecraft:tuff_bricks":16,"minecraft:spawner":5,"minecraft:hay_block":43,"minecraft:waxed_copper_grate":1,"minecraft:iron_ore":41,"minecraft:fire":15,"minecraft:polished_tuff":2,"minecraft:andesite":58,"minecraft:polished_deepslate":7,"minecraft:dirt_path":1,"minecraft:vine":1,"minecraft:stripped_oak_log":1,"minecraft:packed_ice":4,"minecraft:stripped_mangrove_wood":1,"minecraft:stone":279,"minecraft:waxed_cut_copper":2,"minecraft:red_bed":22,"minecraft:powder_snow":51,"minecraft:torch":4,"minecraft:short_grass":37,"minecraft:calcite":12,"minecraft:rose_bush":1,"minecraft:tall_grass":14,"minecraft:cobblestone":7,"minecraft:cyan_bed":5,"minecraft:oak_planks":53,"minecraft:wall_torch":9,"minecraft:pink_petals":1,"minecraft:coarse_dirt":1,"minecraft:ice":1,"minecraft:spruce_log":19,"minecraft:waxed_copper_block":7,"minecraft:smooth_stone_slab":1,"minecraft:coal_ore":105,"minecraft:oak_log":365,"minecraft:gravel":23,"minecraft:dirt":20,"minecraft:cobweb":5,"minecraft:cracked_stone_bricks":1,"minecraft:stone_bricks":5,"minecraft:mossy_stone_bricks":2,"minecraft:oak_leaves":222}},"DataVersion":3953}